Age,Gender,spotify_usage_period,spotify_listening_device,spotify_subscription_plan,premium_sub_willingness,preffered_premium_plan,preferred_listening_content,fav_music_genre,music_time_slot,music_Influencial_mood,music_lis_frequency,music_expl_method,music_recc_rating,pod_lis_frequency,fav_pod_genre,preffered_pod_format,pod_host_preference,preffered_pod_duration,pod_variety_satisfaction,churn
20-35,Female,More than 2 years,Smart speakers or voice assistants,Free (ad-supported),Yes,Family Plan-Rs 179/month,Podcast,Melody,Night,Sadness or melancholy,leisure time,Playlists,3,Daily,Comedy,Interview,Both,Both,Ok,0
20-35,Female,Less than 6 months,Smartphone,Free (ad-supported),Yes,Individual Plan- Rs 119/ month,Music,Melody,Afternoon,"Relaxation and stress relief, Uplifting and motivational","While Traveling, leisure time","Playlists, Radio",4,Rarely,Comedy,Story telling,Well known individuals,Shorter,Satisfied,0
20-35,Female,Less than 6 months,Smartphone,Free (ad-supported),Yes,Individual Plan- Rs 119/ month,Music,Melody,Afternoon,Relaxation and stress relief,"While Traveling, leisure time","Playlists, Radio",1,Daily,Comedy,Educational,Well known individuals,Longer,Satisfied,0
20-35,Female,More than 2 years,"Smartphone, Computer or laptop, Smart speakers or voice assistants",Premium (paid subscription),Yes,Individual Plan- Rs 119/ month,Music,classical,Night,"Relaxation and stress relief, Uplifting and motivational, Sadness or melancholy, Social gatherings or parties","While Traveling, Workout session, leisure time","recommendations, Playlists, Radio",1,Rarely,Comedy,Interview,Both,Shorter,Very Satisfied,0
20-35,Male,More than 2 years,"Smartphone, Computer or laptop",Premium (paid subscription),Yes,Family Plan-Rs 179/month,Music,Rock,Night,"Relaxation and stress relief, Sadness or melancholy",Study Hours,"recommendations, Radio",3,Rarely,Lifestyle and Health,Conversational,Both,Both,Ok,0
12-20,Male,6 months to 1 year,"Smartphone, Smart speakers or voice assistants",Premium (paid subscription),Yes,Student Plan-Rs 59/month,Podcast,Rap,Morning,Relaxation and stress relief,"Office hours, While Traveling, Workout session",recommendations,4,Several times a week,Lifestyle and Health,Story telling,Both,Longer,Satisfied,0
20-35,Female,More than 2 years,"Smartphone, Computer or laptop",Free (ad-supported),Yes,Individual Plan- Rs 119/ month,Music,Melody,Night,"Relaxation and stress relief, Social gatherings or parties","While Traveling, Workout session, leisure time","recommendations, Playlists",3,Rarely,Comedy,Conversational,Well known individuals,Shorter,Satisfied,0
12-20,Female,More than 2 years,Smartphone,Free (ad-supported),Yes,Student Plan-Rs 59/month,Music,Pop,Night,Uplifting and motivational,"Study Hours, Workout session, leisure time","recommendations, Playlists",4,Once a week,Comedy,Conversational,Both,Longer,Very Satisfied,0
35-60,Male,1 year to 2 years,"Smartphone, Smart speakers or voice assistants",Free (ad-supported),Yes,Student Plan-Rs 59/month,Podcast,Melody,Morning,Sadness or melancholy,"While Traveling, Workout session, leisure time","recommendations, Playlists",4,Once a week,Food and cooking,Interview,Both,Shorter,Satisfied,0
20-35,Male,1 year to 2 years,"Smartphone, Computer or laptop, Smart speakers or voice assistants",Premium (paid subscription),Yes,Individual Plan- Rs 119/ month,Music,Electronic/Dance,Night,"Relaxation and stress relief, Uplifting and motivational, Sadness or melancholy","While Traveling, Workout session, leisure time",recommendations,4,Rarely,Comedy,Story telling,unknown Podcasters,Shorter,Very Satisfied,0
20-35,Male,More than 2 years,"Smartphone, Computer or laptop, Smart speakers or voice assistants, Wearable devices",Premium (paid subscription),Yes,Individual Plan- Rs 119/ month,Music,Melody,Night,"Relaxation and stress relief, Uplifting and motivational, Social gatherings or parties","While Traveling, Workout session, leisure time","recommendations, Playlists",5,Several times a week,Comedy,Conversational,Both,Both,Very Satisfied,0
20-35,Male,More than 2 years,"Smartphone, Computer or laptop",Premium (paid subscription),Yes,Individual Plan- Rs 119/ month,Music,Melody,Night,"Relaxation and stress relief, Uplifting and motivational",Office hours,"recommendations, Playlists",4,Rarely,Comedy,Story telling,Both,Shorter,Satisfied,0
20-35,Others,1 year to 2 years,Smart speakers or voice assistants,Premium (paid subscription),Yes,Student Plan-Rs 59/month,Podcast,Rap,Afternoon,"Uplifting and motivational, Sadness or melancholy","While Traveling, Workout session, leisure time",Others,4,Once a week,Food and cooking,Story telling,Both,Longer,Satisfied,0
20-35,Female,More than 2 years,Wearable devices,Free (ad-supported),Yes,Duo plan- Rs 149/month,Podcast,Rap,Night,Sadness or melancholy,Study Hours,recommendations,2,Daily,Lifestyle and Health,Conversational,unknown Podcasters,Both,Very Satisfied,0
12-20,Female,1 year to 2 years,Computer or laptop,Free (ad-supported),Yes,Individual Plan- Rs 119/ month,Podcast,Melody,Afternoon,Sadness or melancholy,While Traveling,Radio,3,Several times a week,Health and Fitness,Story telling,Both,Longer,Very Satisfied,0
12-20,Female,1 year to 2 years,Computer or laptop,Free (ad-supported),Yes,Duo plan- Rs 149/month,Podcast,classical,Afternoon,Uplifting and motivational,Study Hours,Radio,3,Rarely,Lifestyle and Health,Conversational,unknown Podcasters,Longer,Satisfied,0
12-20,Female,Less than 6 months,Smartphone,Free (ad-supported),Yes,Duo plan- Rs 149/month,Podcast,Rap,Morning,Relaxation and stress relief,Study Hours,Radio,3,Once a week,Food and cooking,Story telling,Well known individuals,Shorter,Ok,0
12-20,Others,6 months to 1 year,Computer or laptop,Free (ad-supported),Yes,Individual Plan- Rs 119/ month,Music,Melody,Morning,Uplifting and motivational,While Traveling,Radio,3,Several times a week,Health and Fitness,Story telling,unknown Podcasters,Longer,Satisfied,0
20-35,Male,6 months to 1 year,Computer or laptop,Free (ad-supported),Yes,Duo plan- Rs 149/month,Podcast,Rap,Morning,Sadness or melancholy,While Traveling,Playlists,3,Several times a week,Sports,Interview,Both,Both,Very Satisfied,0
20-35,Female,Less than 6 months,Smartphone,Free (ad-supported),Yes,Individual Plan- Rs 119/ month,Podcast,Electronic/Dance,Night,Relaxation and stress relief,Office hours,Playlists,5,Several times a week,Comedy,Educational,Well known individuals,Both,Very Satisfied,0
20-35,Female,More than 2 years,Smartphone,Free (ad-supported),Yes,Individual Plan- Rs 119/ month,Music,Melody,Night,"Relaxation and stress relief, Uplifting and motivational, Sadness or melancholy, Social gatherings or parties","While Traveling, Workout session, leisure time, Night time, when cooking","recommendations, Playlists, Others",5,Rarely,Comedy,Story telling,Both,Shorter,Satisfied,0
20-35,Female,More than 2 years,Smartphone,Premium (paid subscription),Yes,Individual Plan- Rs 119/ month,Music,Pop,Night,"Relaxation and stress relief, Uplifting and motivational, Sadness or melancholy, Social gatherings or parties","While Traveling, Workout session, leisure time","recommendations, Playlists",5,Rarely,Comedy,Story telling,Well known individuals,Shorter,Satisfied,0
20-35,Female,More than 2 years,"Smartphone, Computer or laptop",Premium (paid subscription),Yes,Duo plan- Rs 149/month,Music,Pop,Night,Relaxation and stress relief,"While Traveling, leisure time","recommendations, Playlists",5,Rarely,Lifestyle and Health,Educational,Both,Shorter,Very Satisfied,0
20-35,Male,More than 2 years,"Smartphone, Computer or laptop",Free (ad-supported),Yes,Duo plan- Rs 149/month,Music,Pop,Night,"Relaxation and stress relief, Sadness or melancholy, Social gatherings or parties","While Traveling, leisure time",Others,3,Rarely,Comedy,Conversational,Well known individuals,Shorter,Ok,0
20-35,Male,1 year to 2 years,"Smartphone, Computer or laptop",Premium (paid subscription),Yes,Family Plan-Rs 179/month,Music,Melody,Night,Relaxation and stress relief,While Traveling,Playlists,5,Daily,Health and Fitness,Story telling,Both,Both,Satisfied,0
20-35,Female,More than 2 years,Smartphone,Premium (paid subscription),Yes,Individual Plan- Rs 119/ month,Music,Melody,Night,"Relaxation and stress relief, Sadness or melancholy, Social gatherings or parties","While Traveling, Workout session, leisure time","Radio, Others",3,Rarely,Lifestyle and Health,Conversational,Well known individuals,Shorter,Very Satisfied,0
20-35,Female,1 year to 2 years,Computer or laptop,Free (ad-supported),Yes,Duo plan- Rs 149/month,Music,Melody,Night,Uplifting and motivational,Workout session,Radio,3,Rarely,Food and cooking,Educational,Well known individuals,Both,Satisfied,0
20-35,Male,More than 2 years,Smartphone,Premium (paid subscription),Yes,Family Plan-Rs 179/month,Podcast,Pop,Night,Uplifting and motivational,Study Hours,recommendations,3,Several times a week,Sports,Conversational,Well known individuals,Longer,Very Satisfied,0
12-20,Female,1 year to 2 years,Smart speakers or voice assistants,Free (ad-supported),Yes,Duo plan- Rs 149/month,Podcast,classical,Morning,Sadness or melancholy,While Traveling,Radio,3,Once a week,Health and Fitness,Story telling,unknown Podcasters,Both,Satisfied,0
20-35,Female,1 year to 2 years,Smart speakers or voice assistants,Premium (paid subscription),Yes,Family Plan-Rs 179/month,Podcast,Rap,Afternoon,"Sadness or melancholy, Social gatherings or parties","While Traveling, Workout session","Playlists, Radio",3,Once a week,Sports,Interview,Well known individuals,Shorter,Satisfied,0
12-20,Female,6 months to 1 year,Smart speakers or voice assistants,Premium (paid subscription),Yes,Duo plan- Rs 149/month,Podcast,classical,Afternoon,Uplifting and motivational,While Traveling,Radio,2,Once a week,Health and Fitness,Story telling,unknown Podcasters,Longer,Ok,0
12-20,Female,1 year to 2 years,Computer or laptop,Free (ad-supported),Yes,Duo plan- Rs 149/month,Podcast,Rap,Morning,Uplifting and motivational,While Traveling,Radio,2,Once a week,Health and Fitness,Story telling,unknown Podcasters,Both,Ok,0
12-20,Female,6 months to 1 year,Computer or laptop,Free (ad-supported),Yes,Duo plan- Rs 149/month,Podcast,classical,Afternoon,Sadness or melancholy,"While Traveling, leisure time",recommendations,3,Once a week,Lifestyle and Health,Educational,Both,Both,Satisfied,0
6-12,Female,6 months to 1 year,Smart speakers or voice assistants,Premium (paid subscription),Yes,Duo plan- Rs 149/month,Podcast,classical,Morning,Uplifting and motivational,"Study Hours, While Traveling","Playlists, Radio",2,Once a week,Lifestyle and Health,Interview,Well known individuals,Both,Ok,0
20-35,Female,More than 2 years,"Computer or laptop, Smart speakers or voice assistants",Free (ad-supported),Yes,Family Plan-Rs 179/month,Podcast,classical,Morning,Uplifting and motivational,Workout session,Radio,2,Once a week,Health and Fitness,Interview,unknown Podcasters,Both,Ok,0
12-20,Male,6 months to 1 year,Smart speakers or voice assistants,Free (ad-supported),Yes,Student Plan-Rs 59/month,Podcast,Rap,Morning,Relaxation and stress relief,"While Traveling, Workout session","Playlists, Radio",3,Several times a week,Food and cooking,Interview,unknown Podcasters,Longer,Ok,0
12-20,Female,1 year to 2 years,"Computer or laptop, Wearable devices",Premium (paid subscription),Yes,Duo plan- Rs 149/month,Podcast,classical,Afternoon,Uplifting and motivational,"While Traveling, leisure time","Playlists, Others",2,Once a week,Health and Fitness,Story telling,unknown Podcasters,Both,Dissatisfied,0
20-35,Female,6 months to 1 year,"Computer or laptop, Smart speakers or voice assistants",Free (ad-supported),Yes,Duo plan- Rs 149/month,Music,classical,Afternoon,"Uplifting and motivational, Sadness or melancholy","Study Hours, Workout session","Playlists, Radio",2,Once a week,Sports,Story telling,Both,Longer,Ok,0
20-35,Female,6 months to 1 year,Smart speakers or voice assistants,Free (ad-supported),Yes,Duo plan- Rs 149/month,Podcast,classical,Afternoon,Relaxation and stress relief,While Traveling,"Radio, Others",3,Once a week,Health and Fitness,Interview,unknown Podcasters,Longer,Ok,0
35-60,Female,1 year to 2 years,Smart speakers or voice assistants,Free (ad-supported),Yes,Family Plan-Rs 179/month,Music,classical,Afternoon,Uplifting and motivational,"Study Hours, Workout session",Radio,2,Rarely,Health and Fitness,Interview,unknown Podcasters,Longer,Ok,0
20-35,Female,6 months to 1 year,Computer or laptop,Free (ad-supported),Yes,Family Plan-Rs 179/month,Music,classical,Morning,Uplifting and motivational,While Traveling,Playlists,3,Once a week,Health and Fitness,Educational,Both,Both,Ok,0
35-60,Others,More than 2 years,Wearable devices,Premium (paid subscription),Yes,Family Plan-Rs 179/month,Music,Electronic/Dance,Morning,Uplifting and motivational,"Study Hours, Workout session","Playlists, Radio, Others",2,Rarely,Health and Fitness,Story telling,Both,Longer,Satisfied,0
35-60,Female,More than 2 years,Smartphone,Premium (paid subscription),Yes,Duo plan- Rs 149/month,Music,Melody,Night,Relaxation and stress relief,leisure time,Playlists,5,Rarely,Food and cooking,Educational,Well known individuals,Shorter,Satisfied,0
20-35,Female,Less than 6 months,Smartphone,Free (ad-supported),Yes,Student Plan-Rs 59/month,Music,Melody,Night,Relaxation and stress relief,"Study Hours, While Traveling",Playlists,5,Rarely,Comedy,Story telling,Both,Shorter,Very Satisfied,0
20-35,Male,More than 2 years,Smartphone,Premium (paid subscription),Yes,Individual Plan- Rs 119/ month,Music,Pop,Night,Relaxation and stress relief,While Traveling,"recommendations, Radio",4,Daily,Lifestyle and Health,Educational,Well known individuals,Shorter,Very Satisfied,0
20-35,Male,1 year to 2 years,Smartphone,Free (ad-supported),No,Student Plan-Rs 59/month,Music,Rock,Night,Relaxation and stress relief,leisure time,recommendations,2,Rarely,Comedy,Conversational,Well known individuals,Both,Ok,1
20-35,Female,More than 2 years,"Smartphone, Computer or laptop, Smart speakers or voice assistants, Wearable devices",Free (ad-supported),Yes,Student Plan-Rs 59/month,Music,Melody,Night,"Relaxation and stress relief, Uplifting and motivational","Office hours, leisure time",recommendations,5,Several times a week,Lifestyle and Health,Conversational,Both,Shorter,Ok,0
20-35,Female,Less than 6 months,Smartphone,Free (ad-supported),No,Student Plan-Rs 59/month,Music,Melody,Night,Relaxation and stress relief,Workout session,Others,2,Rarely,Lifestyle and Health,Conversational,Both,Shorter,Dissatisfied,1
20-35,Female,Less than 6 months,Smartphone,Free (ad-supported),No,Student Plan-Rs 59/month,Podcast,Melody,Afternoon,Relaxation and stress relief,leisure time,recommendations,5,Once a week,Health and Fitness,Conversational,Both,Shorter,Satisfied,0
20-35,Female,1 year to 2 years,Smartphone,Free (ad-supported),No,Student Plan-Rs 59/month,Music,Pop,Night,"Relaxation and stress relief, Sadness or melancholy",While Traveling,Playlists,5,Once a week,Comedy,Story telling,Both,Both,Very Satisfied,0
20-35,Female,6 months to 1 year,Smartphone,Free (ad-supported),Yes,Individual Plan- Rs 119/ month,Music,Melody,Night,Relaxation and stress relief,"Study Hours, While Traveling, leisure time","recommendations, Playlists",4,Rarely,Comedy,Story telling,Both,Shorter,Satisfied,0
20-35,Female,More than 2 years,Smartphone,Free (ad-supported),No,Duo plan- Rs 149/month,Music,classical,Night,Uplifting and motivational,"While Traveling, Workout session",recommendations,4,Several times a week,Comedy,Story telling,Both,Shorter,Satisfied,0
20-35,Female,1 year to 2 years,Smartphone,Free (ad-supported),Yes,Individual Plan- Rs 119/ month,Music,Melody,Night,"Relaxation and stress relief, Sadness or melancholy","While Traveling, Workout session, leisure time","recommendations, Playlists",4,Several times a week,Health and Fitness,Story telling,Well known individuals,Shorter,Very Satisfied,0
20-35,Female,More than 2 years,"Smartphone, Wearable devices",Free (ad-supported),Yes,Duo plan- Rs 149/month,Music,All,Night,Uplifting and motivational,leisure time,"recommendations, Playlists",5,Once a week,Dance and Relevant cases ,Conversational,unknown Podcasters,Shorter,Satisfied,0
20-35,Female,6 months to 1 year,Smartphone,Free (ad-supported),No,Individual Plan- Rs 119/ month,Music,Melody,Night,Relaxation and stress relief,While Traveling,recommendations,4,Rarely,Comedy,Story telling,Both,Shorter,Satisfied,0
20-35,Female,More than 2 years,Smartphone,Premium (paid subscription),Yes,Individual Plan- Rs 119/ month,Music,Pop,Night,"Relaxation and stress relief, Sadness or melancholy","While Traveling, leisure time","recommendations, Playlists",5,Rarely,Lifestyle and Health,Conversational,Well known individuals,Shorter,Ok,0
20-35,Female,More than 2 years,Smartphone,Premium (paid subscription),Yes,Student Plan-Rs 59/month,Music,Melody,Night,Relaxation and stress relief,While Traveling,recommendations,3,Rarely,Lifestyle and Health,Educational,Both,Shorter,Satisfied,0
20-35,Female,More than 2 years,Smartphone,Free (ad-supported),No,Duo plan- Rs 149/month,Music,Melody,Night,Relaxation and stress relief,Study Hours,Playlists,5,Rarely,Comedy,Story telling,Both,Both,Satisfied,0
20-35,Male,1 year to 2 years,"Smartphone, Computer or laptop",Premium (paid subscription),Yes,Individual Plan- Rs 119/ month,Music,Melody,Afternoon,Relaxation and stress relief,"Office hours, Study Hours, While Traveling","recommendations, Playlists, Others",3,Rarely,Technology,Educational,Both,Shorter,Ok,0
20-35,Female,1 year to 2 years,"Smartphone, Computer or laptop, Smart speakers or voice assistants, Wearable devices",Free (ad-supported),No,Student Plan-Rs 59/month,Music,Melody,Morning,"Relaxation and stress relief, Uplifting and motivational, Sadness or melancholy, Social gatherings or parties","While Traveling, Workout session, leisure time","recommendations, Playlists",4,Rarely,Health and Fitness,Conversational,Well known individuals,Shorter,Satisfied,0
20-35,Female,More than 2 years,Smartphone,Free (ad-supported),No,Student Plan-Rs 59/month,Podcast,classical,Night,"Relaxation and stress relief, Uplifting and motivational, Social gatherings or parties","While Traveling, leisure time","recommendations, Playlists, Others",3,Once a week,General knowledge ,Story telling,Both,Both,Satisfied,0
20-35,Female,1 year to 2 years,Smartphone,Free (ad-supported),Yes,Individual Plan- Rs 119/ month,Music,Melody,Morning,Relaxation and stress relief,Workout session,Playlists,4,Rarely,Health and Fitness,Educational,Well known individuals,Longer,Satisfied,0
20-35,Female,More than 2 years,Smartphone,Free (ad-supported),No,Duo plan- Rs 149/month,Music,Pop,Morning,Relaxation and stress relief,While Traveling,Playlists,3,Rarely,Lifestyle and Health,Conversational,unknown Podcasters,Shorter,Ok,0
12-20,Male,More than 2 years,"Smartphone, Computer or laptop, Smart speakers or voice assistants, Wearable devices",Premium (paid subscription),Yes,Family Plan-Rs 179/month,Music,Pop,Night,"Relaxation and stress relief, Uplifting and motivational, Sadness or melancholy","Office hours, Study Hours, While Traveling, Workout session, leisure time","recommendations, Playlists, Others",3,Once a week,Comedy,Conversational,Both,Both,Satisfied,0
20-35,Female,Less than 6 months,Smartphone,Free (ad-supported),Yes,Duo plan- Rs 149/month,Music,Pop,Night,Relaxation and stress relief,leisure time,Playlists,5,Once a week,Lifestyle and Health,Interview,Both,Shorter,Dissatisfied,0
20-35,Female,1 year to 2 years,"Smartphone, Computer or laptop",Free (ad-supported),No,Student Plan-Rs 59/month,Music,Melody,Afternoon,"Relaxation and stress relief, Uplifting and motivational, Social gatherings or parties","While Traveling, Workout session, leisure time",Others,3,Rarely,Comedy,Interview,Well known individuals,Both,Satisfied,0
20-35,Female,1 year to 2 years,Smartphone,Free (ad-supported),Yes,Student Plan-Rs 59/month,Music,Melody,Morning,Relaxation and stress relief,While Traveling,recommendations,3,Rarely,Comedy,Conversational,Both,Shorter,Ok,0
20-35,Female,1 year to 2 years,Smartphone,Free (ad-supported),No,Student Plan-Rs 59/month,Music,Pop,Afternoon,Social gatherings or parties,While Traveling,recommendations,4,Rarely,Comedy,Conversational,unknown Podcasters,Shorter,Satisfied,0
20-35,Female,6 months to 1 year,Computer or laptop,Free (ad-supported),Yes,Individual Plan- Rs 119/ month,Podcast,classical,Morning,Uplifting and motivational,Workout session,Playlists,1,Several times a week,Lifestyle and Health,Educational,Well known individuals,Both,Satisfied,0
12-20,Female,6 months to 1 year,Computer or laptop,Premium (paid subscription),Yes,Duo plan- Rs 149/month,Podcast,classical,Afternoon,Sadness or melancholy,While Traveling,Radio,3,Once a week,Sports,Story telling,unknown Podcasters,Both,Ok,0
20-35,Female,6 months to 1 year,Computer or laptop,Free (ad-supported),Yes,Duo plan- Rs 149/month,Podcast,classical,Afternoon,Sadness or melancholy,While Traveling,Radio,3,Once a week,Sports,Interview,Well known individuals,Longer,Ok,0
12-20,Female,1 year to 2 years,Computer or laptop,Free (ad-supported),Yes,Individual Plan- Rs 119/ month,Podcast,Rap,Afternoon,Sadness or melancholy,Study Hours,Radio,3,Once a week,Health and Fitness,Interview,unknown Podcasters,Longer,Satisfied,0
20-35,Female,6 months to 1 year,Computer or laptop,Free (ad-supported),Yes,Individual Plan- Rs 119/ month,Podcast,classical,Afternoon,Sadness or melancholy,While Traveling,Playlists,2,Several times a week,Health and Fitness,Interview,unknown Podcasters,Both,Ok,0
20-35,Female,6 months to 1 year,Computer or laptop,Free (ad-supported),Yes,Duo plan- Rs 149/month,Music,Rap,Morning,Uplifting and motivational,While Traveling,Radio,3,Once a week,Lifestyle and Health,Interview,unknown Podcasters,Longer,Satisfied,0
12-20,Female,6 months to 1 year,Smart speakers or voice assistants,Premium (paid subscription),Yes,Duo plan- Rs 149/month,Podcast,classical,Morning,Uplifting and motivational,Study Hours,Radio,3,Several times a week,Health and Fitness,Interview,unknown Podcasters,Longer,Satisfied,0
12-20,Female,1 year to 2 years,Smartphone,Free (ad-supported),Yes,Student Plan-Rs 59/month,Music,Melody,Night,Relaxation and stress relief,"While Traveling, Workout session, leisure time",Others,5,Daily,Health and Fitness,Educational,Well known individuals,Shorter,Very Satisfied,0
12-20,Female,6 months to 1 year,Computer or laptop,Free (ad-supported),Yes,Duo plan- Rs 149/month,Podcast,Rap,Morning,Sadness or melancholy,Workout session,Playlists,4,Several times a week,Lifestyle and Health,Interview,Well known individuals,Longer,Satisfied,0
20-35,Female,1 year to 2 years,Smart speakers or voice assistants,Free (ad-supported),Yes,Duo plan- Rs 149/month,Podcast,classical,Afternoon,Sadness or melancholy,Workout session,Radio,2,Once a week,Health and Fitness,Story telling,unknown Podcasters,Longer,Ok,0
20-35,Female,1 year to 2 years,Smart speakers or voice assistants,Free (ad-supported),Yes,Duo plan- Rs 149/month,Music,classical,Afternoon,Sadness or melancholy,"Study Hours, While Traveling, leisure time","Playlists, Others",2,Once a week,Health and Fitness,Story telling,unknown Podcasters,Both,Satisfied,0
20-35,Female,6 months to 1 year,"Computer or laptop, Wearable devices",Premium (paid subscription),Yes,Duo plan- Rs 149/month,Podcast,Rap,Morning,Uplifting and motivational,"While Traveling, Workout session, leisure time","Playlists, Radio, Others",2,Several times a week,Health and Fitness,Interview,unknown Podcasters,Longer,Satisfied,0
20-35,Female,1 year to 2 years,"Computer or laptop, Smart speakers or voice assistants",Premium (paid subscription),Yes,Individual Plan- Rs 119/ month,Podcast,Pop,Afternoon,"Uplifting and motivational, Sadness or melancholy","Study Hours, While Traveling, Workout session","Playlists, Radio",3,Several times a week,Health and Fitness,Story telling,Both,Longer,Satisfied,0
20-35,Others,1 year to 2 years,Computer or laptop,Free (ad-supported),Yes,Family Plan-Rs 179/month,Podcast,classical,Afternoon,Uplifting and motivational,"Study Hours, While Traveling, Workout session","Playlists, Radio, Others",3,Once a week,Sports,Interview,unknown Podcasters,Shorter,Ok,0
20-35,Female,6 months to 1 year,"Smartphone, Computer or laptop, Smart speakers or voice assistants",Premium (paid subscription),No,Duo plan- Rs 149/month,Podcast,classical,Morning,"Uplifting and motivational, Sadness or melancholy","Office hours, Study Hours, While Traveling","Playlists, Others",2,Several times a week,Health and Fitness,Interview,unknown Podcasters,Longer,Very Satisfied,1
20-35,Female,1 year to 2 years,"Computer or laptop, Smart speakers or voice assistants, Wearable devices",Free (ad-supported),No,Duo plan- Rs 149/month,Music,Melody,Night,"Relaxation and stress relief, Sadness or melancholy","Study Hours, While Traveling, Workout session","Playlists, Others",3,Once a week,Sports,Interview,unknown Podcasters,Both,Ok,0
20-35,Female,1 year to 2 years,"Computer or laptop, Smart speakers or voice assistants",Premium (paid subscription),No,Family Plan-Rs 179/month,Podcast,classical,Afternoon,"Uplifting and motivational, Sadness or melancholy","Study Hours, While Traveling, Workout session","Playlists, Radio",3,Several times a week,Health and Fitness,Story telling,unknown Podcasters,Longer,Satisfied,0
20-35,Female,6 months to 1 year,"Computer or laptop, Smart speakers or voice assistants, Wearable devices",Premium (paid subscription),Yes,Duo plan- Rs 149/month,Music,classical,Morning,"Uplifting and motivational, Sadness or melancholy, Social gatherings or parties","Office hours, Study Hours, Workout session","recommendations, Playlists, Radio",3,Several times a week,Health and Fitness,Story telling,unknown Podcasters,Longer,Satisfied,0
12-20,Female,6 months to 1 year,"Smartphone, Computer or laptop",Premium (paid subscription),Yes,Individual Plan- Rs 119/ month,Podcast,Rap,Afternoon,"Relaxation and stress relief, Sadness or melancholy","Office hours, Study Hours, While Traveling","recommendations, Radio, Others",2,Several times a week,Health and Fitness,Story telling,Both,Longer,Ok,0
12-20,Female,6 months to 1 year,Smart speakers or voice assistants,Free (ad-supported),No,Duo plan- Rs 149/month,Podcast,classical,Afternoon,Social gatherings or parties,"Study Hours, While Traveling",Radio,3,Rarely,Sports,Conversational,unknown Podcasters,Longer,Ok,0
20-35,Female,6 months to 1 year,"Computer or laptop, Smart speakers or voice assistants",Free (ad-supported),Yes,Family Plan-Rs 179/month,Music,classical,Afternoon,Sadness or melancholy,While Traveling,"Playlists, Radio",3,Once a week,Health and Fitness,Story telling,unknown Podcasters,Longer,Ok,0
35-60,Female,1 year to 2 years,"Computer or laptop, Smart speakers or voice assistants",Free (ad-supported),No,Family Plan-Rs 179/month,Music,classical,Morning,Uplifting and motivational,While Traveling,Radio,3,Once a week,Health and Fitness,Story telling,unknown Podcasters,Both,Ok,0
35-60,Female,Less than 6 months,"Smartphone, Computer or laptop",Premium (paid subscription),No,Duo plan- Rs 149/month,Podcast,Pop,Morning,"Relaxation and stress relief, Uplifting and motivational, Sadness or melancholy","Study Hours, While Traveling, Workout session","recommendations, Playlists, Radio",2,Once a week,Sports,Interview,unknown Podcasters,Longer,Ok,1
35-60,Female,6 months to 1 year,"Smart speakers or voice assistants, Wearable devices",Free (ad-supported),No,Duo plan- Rs 149/month,Podcast,Melody,Afternoon,Uplifting and motivational,While Traveling,Playlists,2,Several times a week,Health and Fitness,Interview,unknown Podcasters,Longer,Satisfied,1
20-35,Female,1 year to 2 years,"Computer or laptop, Smart speakers or voice assistants",Premium (paid subscription),Yes,Duo plan- Rs 149/month,Podcast,classical,Afternoon,Sadness or melancholy,Workout session,Playlists,2,Several times a week,Health and Fitness,Story telling,Both,Both,Dissatisfied,0
12-20,Female,6 months to 1 year,"Computer or laptop, Smart speakers or voice assistants",Free (ad-supported),No,Duo plan- Rs 149/month,Music,Melody,Afternoon,"Relaxation and stress relief, Uplifting and motivational, Sadness or melancholy","Study Hours, While Traveling, Workout session",Playlists,3,Once a week,Health and Fitness,Interview,Well known individuals,Both,Ok,0
20-35,Female,6 months to 1 year,Computer or laptop,Premium (paid subscription),No,Family Plan-Rs 179/month,Music,classical,Night,Sadness or melancholy,Workout session,Radio,3,Several times a week,Health and Fitness,Story telling,unknown Podcasters,Both,Satisfied,0
12-20,Female,1 year to 2 years,"Computer or laptop, Wearable devices",Premium (paid subscription),Yes,Duo plan- Rs 149/month,Podcast,Rap,Afternoon,"Relaxation and stress relief, Sadness or melancholy","While Traveling, Workout session",Radio,3,Once a week,Health and Fitness,Interview,Both,Longer,Satisfied,0
35-60,Female,1 year to 2 years,Smart speakers or voice assistants,Premium (paid subscription),Yes,Duo plan- Rs 149/month,Podcast,Rap,Afternoon,Uplifting and motivational,While Traveling,Others,3,Once a week,Health and Fitness,Interview,unknown Podcasters,Longer,Satisfied,0
20-35,Female,6 months to 1 year,Computer or laptop,Free (ad-supported),Yes,Individual Plan- Rs 119/ month,Podcast,Rap,Afternoon,"Uplifting and motivational, Sadness or melancholy",Study Hours,Playlists,3,Once a week,Health and Fitness,Story telling,unknown Podcasters,Both,Satisfied,0
20-35,Female,6 months to 1 year,Computer or laptop,Premium (paid subscription),Yes,Duo plan- Rs 149/month,Music,Rap,Morning,Uplifting and motivational,While Traveling,Radio,2,Several times a week,Lifestyle and Health,Educational,unknown Podcasters,Longer,Dissatisfied,0
20-35,Female,1 year to 2 years,Smart speakers or voice assistants,Premium (paid subscription),No,Family Plan-Rs 179/month,Music,classical,Night,Sadness or melancholy,While Traveling,Others,3,Once a week,Health and Fitness,Story telling,unknown Podcasters,Both,Dissatisfied,0
20-35,Female,6 months to 1 year,Computer or laptop,Free (ad-supported),Yes,Duo plan- Rs 149/month,Podcast,Melody,Afternoon,"Relaxation and stress relief, Uplifting and motivational, Sadness or melancholy","Office hours, Study Hours, While Traveling","Radio, Others",3,Several times a week,Lifestyle and Health,Interview,unknown Podcasters,Longer,Satisfied,0
20-35,Female,1 year to 2 years,"Computer or laptop, Smart speakers or voice assistants",Premium (paid subscription),Yes,Duo plan- Rs 149/month,Podcast,classical,Afternoon,"Relaxation and stress relief, Uplifting and motivational",Office hours,recommendations,2,Once a week,Health and Fitness,Story telling,unknown Podcasters,Both,Ok,0
20-35,Female,1 year to 2 years,Computer or laptop,Premium (paid subscription),No,Duo plan- Rs 149/month,Podcast,Rap,Afternoon,Uplifting and motivational,Workout session,Radio,2,Several times a week,Health and Fitness,Interview,unknown Podcasters,Both,Ok,1
20-35,Female,1 year to 2 years,Smart speakers or voice assistants,Free (ad-supported),Yes,Duo plan- Rs 149/month,Podcast,classical,Afternoon,Sadness or melancholy,"Office hours, While Traveling, Workout session","recommendations, Radio, Others",2,Once a week,Lifestyle and Health,Educational,unknown Podcasters,Both,Ok,0
20-35,Female,6 months to 1 year,"Computer or laptop, Smart speakers or voice assistants",Free (ad-supported),Yes,Duo plan- Rs 149/month,Podcast,Rap,Afternoon,Uplifting and motivational,"Study Hours, While Traveling, Workout session","recommendations, Playlists, Radio",4,Once a week,Sports,Story telling,unknown Podcasters,Both,Ok,0
20-35,Female,6 months to 1 year,"Computer or laptop, Wearable devices",Free (ad-supported),No,Duo plan- Rs 149/month,Podcast,Melody,Morning,"Relaxation and stress relief, Uplifting and motivational","Study Hours, Workout session","recommendations, Playlists, Radio",3,Several times a week,Health and Fitness,Interview,unknown Podcasters,Longer,Ok,0
12-20,Female,6 months to 1 year,Computer or laptop,Premium (paid subscription),No,Individual Plan- Rs 119/ month,Music,classical,Afternoon,"Uplifting and motivational, Sadness or melancholy",Workout session,Radio,2,Several times a week,Lifestyle and Health,Story telling,Well known individuals,Shorter,Very Satisfied,1
20-35,Female,6 months to 1 year,"Computer or laptop, Smart speakers or voice assistants",Premium (paid subscription),Yes,Individual Plan- Rs 119/ month,Podcast,Melody,Morning,"Uplifting and motivational, Social gatherings or parties","Office hours, Study Hours, While Traveling","Playlists, Others",3,Several times a week,Lifestyle and Health,Story telling,unknown Podcasters,Longer,Very Satisfied,0
20-35,Others,1 year to 2 years,Computer or laptop,Premium (paid subscription),No,Family Plan-Rs 179/month,Music,classical,Afternoon,Uplifting and motivational,While Traveling,Radio,2,Once a week,Sports,Story telling,unknown Podcasters,Longer,Satisfied,1
12-20,Female,6 months to 1 year,Smart speakers or voice assistants,Free (ad-supported),No,Duo plan- Rs 149/month,Podcast,classical,Afternoon,"Uplifting and motivational, Sadness or melancholy",While Traveling,"Playlists, Radio",3,Several times a week,Sports,Story telling,Both,Longer,Ok,0
20-35,Female,6 months to 1 year,Smart speakers or voice assistants,Premium (paid subscription),No,Family Plan-Rs 179/month,Music,Melody,Afternoon,Sadness or melancholy,While Traveling,Others,2,Once a week,Sports,Conversational,Both,Longer,Ok,1
20-35,Female,1 year to 2 years,Smart speakers or voice assistants,Premium (paid subscription),Yes,Family Plan-Rs 179/month,Podcast,Melody,Afternoon,Sadness or melancholy,Workout session,Others,3,Once a week,Health and Fitness,Story telling,unknown Podcasters,Longer,Satisfied,0
20-35,Female,1 year to 2 years,Smart speakers or voice assistants,Free (ad-supported),Yes,Duo plan- Rs 149/month,Music,Rap,Afternoon,Sadness or melancholy,While Traveling,Radio,3,Once a week,Sports,Story telling,unknown Podcasters,Both,Ok,0
12-20,Female,6 months to 1 year,Computer or laptop,Premium (paid subscription),Yes,Duo plan- Rs 149/month,Podcast,classical,Morning,Sadness or melancholy,While Traveling,Playlists,3,Once a week,Sports,Interview,Both,Longer,Ok,0
12-20,Female,6 months to 1 year,Computer or laptop,Free (ad-supported),Yes,Family Plan-Rs 179/month,Music,classical,Afternoon,Sadness or melancholy,"While Traveling, leisure time",Others,3,Once a week,Health and Fitness,Educational,unknown Podcasters,Both,Satisfied,0
20-35,Female,More than 2 years,Smartphone,Free (ad-supported),No,Student Plan-Rs 59/month,Music,Pop,Night,"Relaxation and stress relief, Social gatherings or parties",leisure time,"Others, Social media",2,Rarely,Health and Fitness,Educational,Well known individuals,Shorter,Ok,1
20-35,Female,More than 2 years,Smartphone,Free (ad-supported),Yes,Individual Plan- Rs 119/ month,Music,Melody,Night,"Relaxation and stress relief, Uplifting and motivational, Sadness or melancholy","While Traveling, leisure time",recommendations,4,Several times a week,Lifestyle and Health,Educational,Well known individuals,Shorter,Satisfied,0
20-35,Female,6 months to 1 year,Smartphone,Free (ad-supported),Yes,Student Plan-Rs 59/month,Music,Melody,Night,"Relaxation and stress relief, Uplifting and motivational, Sadness or melancholy","Office hours, Study Hours, While Traveling","recommendations, Playlists",5,Rarely,Lifestyle and Health,Conversational,Well known individuals,Shorter,Ok,0
20-35,Female,6 months to 1 year,Smartphone,Free (ad-supported),Yes,Individual Plan- Rs 119/ month,Music,Melody,Night,"Relaxation and stress relief, Uplifting and motivational, Sadness or melancholy","While Traveling, leisure time","recommendations, Others",1,Rarely,Finance related and current affairs,Story telling,Both,Shorter,Ok,0
20-35,Female,1 year to 2 years,Smartphone,Free (ad-supported),No,Individual Plan- Rs 119/ month,Music,Melody,Night,Relaxation and stress relief,leisure time,"recommendations, Playlists",4,Rarely,Comedy,Conversational,Well known individuals,Both,Ok,0
20-35,Male,More than 2 years,Smartphone,Free (ad-supported),Yes,Individual Plan- Rs 119/ month,Music,Rap,Night,Uplifting and motivational,leisure time,"Playlists, Others",4,Rarely,Lifestyle and Health,Educational,Both,Both,Very Satisfied,0
20-35,Female,More than 2 years,Smartphone,Free (ad-supported),No,Individual Plan- Rs 119/ month,Music,classical,Night,Relaxation and stress relief,Workout session,recommendations,4,Rarely,Comedy,Conversational,Both,Shorter,Satisfied,0
20-35,Female,More than 2 years,"Smartphone, Wearable devices",Free (ad-supported),No,Duo plan- Rs 149/month,Music,Electronic/Dance,Night,"Relaxation and stress relief, Uplifting and motivational, Sadness or melancholy, Social gatherings or parties","Office hours, Study Hours, While Traveling, Workout session",Playlists,3,Once a week,Lifestyle and Health,Story telling,Both,Both,Ok,0
20-35,Female,Less than 6 months,Smartphone,Premium (paid subscription),Yes,Individual Plan- Rs 119/ month,Music,Melody,Afternoon,Relaxation and stress relief,"Office hours, While Traveling","recommendations, Playlists, Radio",5,Rarely,Comedy,Story telling,Both,Shorter,Ok,0
20-35,Female,More than 2 years,"Smartphone, Computer or laptop",Free (ad-supported),No,Individual Plan- Rs 119/ month,Music,Pop,Night,"Relaxation and stress relief, Uplifting and motivational","Office hours, While Traveling, leisure time","recommendations, Playlists",4,Rarely,Murder Mystery ,Story telling,Both,Both,Ok,0
20-35,Female,More than 2 years,Smartphone,Free (ad-supported),No,Student Plan-Rs 59/month,Music,Pop,Night,Relaxation and stress relief,While Traveling,Others,4,Never,Health and Fitness,Interview,Well known individuals,Shorter,Ok,0
20-35,Female,More than 2 years,Smartphone,Free (ad-supported),No,Individual Plan- Rs 119/ month,Music,Melody,Morning,Relaxation and stress relief,"Office hours, While Traveling","recommendations, Playlists",4,Rarely,Health and Fitness,Story telling,Well known individuals,Shorter,Ok,0
20-35,Female,1 year to 2 years,"Smartphone, Computer or laptop, Smart speakers or voice assistants, Wearable devices",Premium (paid subscription),Yes,Student Plan-Rs 59/month,Music,Melody,Night,"Relaxation and stress relief, Sadness or melancholy, Social gatherings or parties","Study Hours, While Traveling, leisure time","recommendations, Playlists, Radio",4,Rarely,Comedy,Story telling,Both,Both,Ok,0
20-35,Female,6 months to 1 year,Smartphone,Free (ad-supported),Yes,Duo plan- Rs 149/month,Music,Melody,Night,Relaxation and stress relief,While Traveling,recommendations,3,Once a week,Food and cooking,Conversational,Both,Both,Ok,0
20-35,Female,Less than 6 months,Smartphone,Free (ad-supported),No,Student Plan-Rs 59/month,Podcast,Melody,Night,Relaxation and stress relief,leisure time,recommendations,3,Rarely,Comedy,Story telling,Both,Shorter,Ok,0
20-35,Female,More than 2 years,Smartphone,Premium (paid subscription),Yes,Individual Plan- Rs 119/ month,Music,Pop,Night,"Relaxation and stress relief, Uplifting and motivational","Study Hours, Workout session, leisure time",Radio,1,Rarely,Lifestyle and Health,Conversational,Both,Both,Ok,0
20-35,Female,Less than 6 months,Smartphone,Free (ad-supported),No,Student Plan-Rs 59/month,Music,classical,Night,Relaxation and stress relief,"While Traveling, leisure time","recommendations, Playlists, Radio, Others",3,Several times a week,Comedy,Story telling,Both,Shorter,Ok,0
20-35,Female,More than 2 years,"Smartphone, Computer or laptop",Free (ad-supported),No,Student Plan-Rs 59/month,Music,Melody,Night,"Relaxation and stress relief, Social gatherings or parties","While Traveling, Workout session, leisure time",Playlists,4,Rarely,Comedy,Story telling,Both,Shorter,Ok,0
20-35,Male,Less than 6 months,Smartphone,Free (ad-supported),Yes,Duo plan- Rs 149/month,Music,Electronic/Dance,Morning,"Relaxation and stress relief, Uplifting and motivational, Sadness or melancholy, Social gatherings or parties","Office hours, Study Hours, While Traveling, Workout session, leisure time","recommendations, Others, Social media",3,Rarely,Sports,Educational,Well known individuals,Shorter,Dissatisfied,0
60+,Female,1 year to 2 years,Smartphone,Free (ad-supported),No,Duo plan- Rs 149/month,Music,Melody,Night,Relaxation and stress relief,"Office hours, While Traveling, leisure time","recommendations, Playlists",4,Rarely,Comedy,Story telling,Both,Shorter,Satisfied,0
20-35,Female,Less than 6 months,Smartphone,Free (ad-supported),No,Student Plan-Rs 59/month,Music,Melody,Night,"Relaxation and stress relief, Uplifting and motivational, Sadness or melancholy","While Traveling, leisure time","recommendations, Playlists, Radio",3,Rarely,Comedy,Conversational,Both,Shorter,Satisfied,0
20-35,Female,Less than 6 months,Smartphone,Free (ad-supported),No,Individual Plan- Rs 119/ month,Music,Melody,Night,Relaxation and stress relief,While Traveling,Playlists,4,Rarely,Lifestyle and Health,Interview,Well known individuals,Shorter,Satisfied,0
12-20,Male,More than 2 years,"Smartphone, Wearable devices",Free (ad-supported),No,Student Plan-Rs 59/month,Music,Pop,Morning,Relaxation and stress relief,While Traveling,Playlists,4,Rarely,Sports,Interview,Both,Shorter,Ok,0
20-35,Female,6 months to 1 year,Smartphone,Free (ad-supported),No,Family Plan-Rs 179/month,Music,Melody,Night,"Relaxation and stress relief, Social gatherings or parties","Office hours, Study Hours, While Traveling, leisure time","recommendations, Playlists",3,Rarely,Comedy,Conversational,Well known individuals,Shorter,Ok,0
20-35,Female,Less than 6 months,"Smartphone, Smart speakers or voice assistants, Wearable devices",Free (ad-supported),No,Student Plan-Rs 59/month,Music,Melody,Night,"Relaxation and stress relief, Uplifting and motivational, Sadness or melancholy, Social gatherings or parties","Study Hours, While Traveling, leisure time","recommendations, Radio",4,Rarely,Novels,Story telling,Both,Both,Satisfied,0
20-35,Female,More than 2 years,Smartphone,Free (ad-supported),Yes,Student Plan-Rs 59/month,Music,Melody,Night,"Relaxation and stress relief, Sadness or melancholy","While Traveling, leisure time","Playlists, Others",3,Rarely,Lifestyle and Health,Conversational,Both,Shorter,Satisfied,0
20-35,Female,1 year to 2 years,Smartphone,Free (ad-supported),No,Individual Plan- Rs 119/ month,Music,Melody,Afternoon,"Relaxation and stress relief, Uplifting and motivational",leisure time,recommendations,3,Rarely,Food and cooking,Conversational,unknown Podcasters,Shorter,Ok,0
20-35,Female,Less than 6 months,Smartphone,Free (ad-supported),No,Student Plan-Rs 59/month,Music,Melody,Night,Uplifting and motivational,leisure time,Others,4,Rarely,Lifestyle and Health,Story telling,Well known individuals,Shorter,Satisfied,0
20-35,Female,More than 2 years,"Smartphone, Smart speakers or voice assistants",Free (ad-supported),Yes,Family Plan-Rs 179/month,Music,Melody,Night,"Relaxation and stress relief, Uplifting and motivational, Sadness or melancholy, Social gatherings or parties","While Traveling, Workout session, leisure time","recommendations, Playlists, Radio",5,Several times a week,Health and Fitness,Story telling,Both,Shorter,Very Satisfied,0
20-35,Female,1 year to 2 years,Smartphone,Free (ad-supported),No,Individual Plan- Rs 119/ month,Music,Melody,Night,Relaxation and stress relief,While Traveling,recommendations,5,Several times a week,Lifestyle and Health,Story telling,Well known individuals,Shorter,Ok,0
20-35,Female,More than 2 years,Smartphone,Premium (paid subscription),Yes,Individual Plan- Rs 119/ month,Music,Pop,Night,"Relaxation and stress relief, Uplifting and motivational, Sadness or melancholy, Social gatherings or parties","Office hours, Study Hours, While Traveling, Workout session, leisure time, ",Playlists,3,Rarely,Lifestyle and Health,Conversational,Both,Shorter,Ok,0
20-35,Female,1 year to 2 years,"Smart speakers or voice assistants, Wearable devices",Free (ad-supported),Yes,Student Plan-Rs 59/month,Music,Melody,Night,"Relaxation and stress relief, Uplifting and motivational",While Traveling,Others,4,Rarely,Comedy,Story telling,Both,Shorter,Satisfied,0
20-35,Female,Less than 6 months,Smartphone,Free (ad-supported),Yes,Individual Plan- Rs 119/ month,Music,Melody,Night,Relaxation and stress relief,"Office hours, Study Hours, While Traveling, Workout session, leisure time",Playlists,3,Rarely,Lifestyle and Health,Interview,Well known individuals,Shorter,Ok,0
20-35,Female,More than 2 years,Wearable devices,Free (ad-supported),No,Student Plan-Rs 59/month,Music,Melody,Night,Uplifting and motivational,While Traveling,Playlists,4,Never,Food and cooking,Educational,Both,Shorter,Ok,0
20-35,Female,More than 2 years,Smartphone,Free (ad-supported),No,Student Plan-Rs 59/month,Music,Melody,Morning,Uplifting and motivational,leisure time,"recommendations, Playlists",3,Several times a week,Lifestyle and Health,Conversational,Both,Longer,Satisfied,0
20-35,Female,More than 2 years,Smartphone,Premium (paid subscription),Yes,Individual Plan- Rs 119/ month,Music,Melody,Night,Relaxation and stress relief,"Office hours, While Traveling, leisure time",Others,4,Rarely,Lifestyle and Health,Story telling,unknown Podcasters,Shorter,Ok,0
20-35,Female,Less than 6 months,Smartphone,Free (ad-supported),No,Student Plan-Rs 59/month,Music,Melody,Night,"Relaxation and stress relief, Uplifting and motivational, Sadness or melancholy","Office hours, leisure time","recommendations, Playlists, Others",4,Rarely,Lifestyle and Health,Conversational,Well known individuals,Shorter,Ok,0
20-35,Female,Less than 6 months,Smartphone,Free (ad-supported),No,Student Plan-Rs 59/month,Music,Melody,Night,Sadness or melancholy,"Office hours, While Traveling",Others,4,Never,Food and cooking,Conversational,Both,Shorter,Ok,0
20-35,Male,1 year to 2 years,Smartphone,Free (ad-supported),No,Student Plan-Rs 59/month,Music,Melody,Afternoon,Relaxation and stress relief,While Traveling,recommendations,3,Rarely,Sports,Story telling,Both,Shorter,Ok,0
20-35,Female,Less than 6 months,Smartphone,Free (ad-supported),No,Duo plan- Rs 149/month,Podcast,classical,Afternoon,Uplifting and motivational,While Traveling,"recommendations, Playlists",4,Once a week,Health and Fitness,Story telling,unknown Podcasters,Both,Ok,0
12-20,Female,1 year to 2 years,Smartphone,Free (ad-supported),Yes,Student Plan-Rs 59/month,Music,Melody,Night,Sadness or melancholy,"While Traveling, leisure time",recommendations,3,Once a week,Comedy,Story telling,unknown Podcasters,Both,Ok,0
12-20,Female,6 months to 1 year,Smartphone,Free (ad-supported),No,Student Plan-Rs 59/month,Music,Rap,Morning,Relaxation and stress relief,While Traveling,recommendations,5,Daily,Health and Fitness,Story telling,Both,Longer,Very Satisfied,0
20-35,Female,Less than 6 months,"Smartphone, Smart speakers or voice assistants, Wearable devices",Free (ad-supported),No,Student Plan-Rs 59/month,Music,Melody,Night,Relaxation and stress relief,While Traveling,Playlists,4,Once a week,Lifestyle and Health,Conversational,Well known individuals,Longer,Satisfied,0
35-60,Male,6 months to 1 year,Smartphone,Free (ad-supported),No,Individual Plan- Rs 119/ month,Music,Melody,Night,Relaxation and stress relief,While Traveling,Radio,5,Rarely,Comedy,Educational,Well known individuals,Shorter,Very Satisfied,0
20-35,Female,6 months to 1 year,Smartphone,Free (ad-supported),No,Student Plan-Rs 59/month,Music,Melody,Night,Relaxation and stress relief,"While Traveling, Workout session, leisure time","recommendations, Playlists",4,Once a week,Lifestyle and Health,Story telling,Both,Shorter,Satisfied,0
20-35,Male,More than 2 years,"Smartphone, Computer or laptop, Smart speakers or voice assistants",Premium (paid subscription),Yes,Individual Plan- Rs 119/ month,Music,Pop,Night,"Relaxation and stress relief, Uplifting and motivational, Social gatherings or parties","While Traveling, leisure time","recommendations, Playlists, Radio, Others",5,Rarely,Comedy,Story telling,Both,Shorter,Satisfied,0
20-35,Male,1 year to 2 years,Smartphone,Premium (paid subscription),Yes,Student Plan-Rs 59/month,Podcast,Melody,Night,Relaxation and stress relief,"While Traveling, leisure time","recommendations, Playlists, Others",4,Several times a week,Lifestyle and Health,Conversational,Both,Both,Very Satisfied,0
20-35,Female,More than 2 years,Smartphone,Free (ad-supported),Yes,Duo plan- Rs 149/month,Music,Melody,Night,Sadness or melancholy,While Traveling,"Others, Search",4,Rarely,Lifestyle and Health,Conversational,Both,Shorter,Ok,0
20-35,Female,More than 2 years,Smartphone,Free (ad-supported),No,Duo plan- Rs 149/month,Music,Melody,Night,"Relaxation and stress relief, Uplifting and motivational, Sadness or melancholy, Social gatherings or parties","While Traveling, leisure time","recommendations, Playlists, Others",5,Rarely,Food and cooking,Conversational,Both,Shorter,Satisfied,0
20-35,Female,1 year to 2 years,Smartphone,Premium (paid subscription),Yes,Individual Plan- Rs 119/ month,Music,Melody,Night,"Relaxation and stress relief, Uplifting and motivational, Social gatherings or parties","While Traveling, Workout session, leisure time",recommendations,4,Rarely,Lifestyle and Health,Story telling,Well known individuals,Both,Ok,0
20-35,Female,Less than 6 months,Smartphone,Free (ad-supported),No,Student Plan-Rs 59/month,Podcast,Melody,Night,Relaxation and stress relief,leisure time,recommendations,3,Several times a week,Comedy,Story telling,Well known individuals,Shorter,Ok,0
20-35,Male,1 year to 2 years,Smartphone,Free (ad-supported),No,Duo plan- Rs 149/month,Music,Melody,Night,"Relaxation and stress relief, Uplifting and motivational","While Traveling, leisure time",Playlists,2,Rarely,Comedy,Educational,Both,Longer,Satisfied,1
20-35,Male,Less than 6 months,Smartphone,Free (ad-supported),No,Student Plan-Rs 59/month,Music,Pop,Night,"Relaxation and stress relief, Uplifting and motivational, Social gatherings or parties","While Traveling, Workout session, leisure time",recommendations,4,Rarely,Comedy,Story telling,Both,Shorter,Satisfied,0
20-35,Female,More than 2 years,Smartphone,Premium (paid subscription),Yes,Individual Plan- Rs 119/ month,Music,Melody,Night,"Relaxation and stress relief, Uplifting and motivational, Sadness or melancholy","While Traveling, Workout session, leisure time","recommendations, Playlists, Others",4,Rarely,Lifestyle and Health,Educational,Both,Shorter,Ok,0
20-35,Female,More than 2 years,Smartphone,Free (ad-supported),Yes,Family Plan-Rs 179/month,Music,Pop,Night,"Relaxation and stress relief, Sadness or melancholy, Social gatherings or parties","While Traveling, Workout session, leisure time","recommendations, Playlists",4,Once a week,Lifestyle and Health,Conversational,Well known individuals,Both,Satisfied,0
20-35,Female,More than 2 years,Smartphone,Free (ad-supported),No,Student Plan-Rs 59/month,Music,Pop,Night,"Relaxation and stress relief, Sadness or melancholy","While Traveling, Workout session, leisure time","recommendations, Playlists",4,Once a week,Comedy,Conversational,Well known individuals,Shorter,Satisfied,0
20-35,Female,More than 2 years,"Smartphone, Computer or laptop",Free (ad-supported),Yes,Individual Plan- Rs 119/ month,Music,Electronic/Dance,Night,"Relaxation and stress relief, Uplifting and motivational",leisure time,recommendations,5,Rarely,Lifestyle and Health,Story telling,Well known individuals,Shorter,Satisfied,0
20-35,Female,6 months to 1 year,Smartphone,Free (ad-supported),No,Family Plan-Rs 179/month,Music,Melody,Night,Relaxation and stress relief,"Office hours, While Traveling, leisure time","recommendations, Others",5,Rarely,Self help,Story telling,Both,Shorter,Satisfied,0
20-35,Female,More than 2 years,Smartphone,Free (ad-supported),Yes,Family Plan-Rs 179/month,Music,Melody,Night,Relaxation and stress relief,leisure time,Playlists,4,Rarely,Lifestyle and Health,Educational,unknown Podcasters,Shorter,Satisfied,0
20-35,Female,More than 2 years,Smartphone,Free (ad-supported),No,Student Plan-Rs 59/month,Music,Melody,Night,Relaxation and stress relief,While Traveling,"recommendations, Playlists",4,Rarely,Lifestyle and Health,Interview,Both,Shorter,Ok,0
20-35,Female,1 year to 2 years,"Smartphone, Computer or laptop",Premium (paid subscription),Yes,Individual Plan- Rs 119/ month,Music,Pop,Night,"Relaxation and stress relief, Sadness or melancholy","While Traveling, Workout session, leisure time",recommendations,4,Rarely,Lifestyle and Health,Story telling,Both,Both,Satisfied,0
12-20,Others,1 year to 2 years,Computer or laptop,Free (ad-supported),Yes,Duo plan- Rs 149/month,Podcast,Rap,Night,Sadness or melancholy,leisure time,Others,2,Rarely,Health and Fitness,Story telling,unknown Podcasters,Both,Dissatisfied,0
12-20,Female,1 year to 2 years,Computer or laptop,Premium (paid subscription),No,Individual Plan- Rs 119/ month,Music,classical,Morning,Relaxation and stress relief,Study Hours,Playlists,2,Once a week,Health and Fitness,Interview,Well known individuals,Both,Ok,1
12-20,Female,6 months to 1 year,Smart speakers or voice assistants,Premium (paid subscription),Yes,Individual Plan- Rs 119/ month,Podcast,Rap,Afternoon,Sadness or melancholy,"Study Hours, While Traveling",Playlists,2,Several times a week,Comedy,Educational,Both,Longer,Satisfied,0
12-20,Female,6 months to 1 year,Computer or laptop,Premium (paid subscription),No,Duo plan- Rs 149/month,Music,Rap,Afternoon,Sadness or melancholy,While Traveling,Radio,2,Several times a week,Sports,Conversational,unknown Podcasters,Longer,Satisfied,1
20-35,Female,1 year to 2 years,Computer or laptop,Free (ad-supported),Yes,Family Plan-Rs 179/month,Podcast,Rap,Afternoon,Uplifting and motivational,While Traveling,Radio,4,Several times a week,Lifestyle and Health,Story telling,Both,Longer,Satisfied,0
20-35,Female,1 year to 2 years,Smart speakers or voice assistants,Premium (paid subscription),Yes,Individual Plan- Rs 119/ month,Podcast,Rap,Afternoon,Sadness or melancholy,While Traveling,Radio,2,Once a week,Health and Fitness,Interview,Both,Longer,Very Satisfied,0
20-35,Others,1 year to 2 years,Smart speakers or voice assistants,Free (ad-supported),No,Duo plan- Rs 149/month,Podcast,Rap,Afternoon,Sadness or melancholy,While Traveling,Radio,2,Once a week,Health and Fitness,Interview,Both,Longer,Ok,1
20-35,Female,More than 2 years,Computer or laptop,Free (ad-supported),Yes,Individual Plan- Rs 119/ month,Music,classical,Afternoon,Sadness or melancholy,While Traveling,Radio,3,Once a week,Sports,Interview,Well known individuals,Longer,Ok,0
20-35,Female,6 months to 1 year,Smart speakers or voice assistants,Free (ad-supported),Yes,Family Plan-Rs 179/month,Podcast,Rap,Morning,Uplifting and motivational,While Traveling,Radio,2,Rarely,Health and Fitness,Story telling,unknown Podcasters,Longer,Ok,0
35-60,Female,6 months to 1 year,Smart speakers or voice assistants,Free (ad-supported),No,Duo plan- Rs 149/month,Music,Rap,Afternoon,Sadness or melancholy,While Traveling,Others,3,Once a week,Health and Fitness,Conversational,Both,Both,Dissatisfied,0
35-60,Female,6 months to 1 year,Computer or laptop,Free (ad-supported),Yes,Individual Plan- Rs 119/ month,Podcast,Rap,Afternoon,Sadness or melancholy,"Study Hours, Workout session","Playlists, Radio",3,Once a week,Sports,Interview,Both,Longer,Satisfied,0
20-35,Others,6 months to 1 year,Smart speakers or voice assistants,Premium (paid subscription),Yes,Individual Plan- Rs 119/ month,Music,Rap,Night,Uplifting and motivational,Study Hours,Playlists,3,Rarely,Lifestyle and Health,Story telling,Both,Longer,Very Satisfied,0
20-35,Female,1 year to 2 years,Wearable devices,Premium (paid subscription),Yes,Individual Plan- Rs 119/ month,Music,Electronic/Dance,Afternoon,Sadness or melancholy,Workout session,Radio,3,Rarely,Sports,Conversational,Both,Both,Satisfied,0
12-20,Female,6 months to 1 year,Smart speakers or voice assistants,Premium (paid subscription),Yes,Individual Plan- Rs 119/ month,Podcast,Rap,Afternoon,Sadness or melancholy,Workout session,Radio,3,Rarely,Sports,Story telling,unknown Podcasters,Both,Satisfied,0
35-60,Female,6 months to 1 year,Computer or laptop,Premium (paid subscription),No,Family Plan-Rs 179/month,Podcast,Melody,Morning,Uplifting and motivational,Workout session,Radio,4,Rarely,Lifestyle and Health,Interview,Well known individuals,Both,Ok,0
20-35,Female,6 months to 1 year,Smart speakers or voice assistants,Free (ad-supported),No,Duo plan- Rs 149/month,Podcast,classical,Morning,Uplifting and motivational,"Study Hours, leisure time","Playlists, Radio, Others",3,Once a week,Lifestyle and Health,Interview,Both,Both,Ok,0
20-35,Male,6 months to 1 year,Computer or laptop,Premium (paid subscription),No,Family Plan-Rs 179/month,Podcast,classical,Afternoon,Uplifting and motivational,While Traveling,Radio,3,Rarely,Health and Fitness,Story telling,unknown Podcasters,Both,Ok,0
20-35,Female,1 year to 2 years,"Smartphone, Smart speakers or voice assistants",Free (ad-supported),No,Family Plan-Rs 179/month,Podcast,Rap,Afternoon,Sadness or melancholy,"Study Hours, While Traveling",Playlists,3,Rarely,Sports,Conversational,Both,Both,Ok,0
12-20,Male,6 months to 1 year,Computer or laptop,Free (ad-supported),Yes,Duo plan- Rs 149/month,Podcast,classical,Afternoon,Sadness or melancholy,Workout session,"Radio, Others",3,Rarely,Sports,Story telling,Well known individuals,Longer,Ok,0
20-35,Others,6 months to 1 year,Smart speakers or voice assistants,Free (ad-supported),Yes,Duo plan- Rs 149/month,Music,Rap,Afternoon,"Relaxation and stress relief, Sadness or melancholy","Study Hours, While Traveling, leisure time","recommendations, Radio, Others",3,Once a week,Health and Fitness,Story telling,unknown Podcasters,Both,Ok,0
20-35,Female,1 year to 2 years,Computer or laptop,Free (ad-supported),Yes,Duo plan- Rs 149/month,Podcast,classical,Night,"Uplifting and motivational, Sadness or melancholy","Study Hours, While Traveling, leisure time",Radio,3,Rarely,Sports,Story telling,unknown Podcasters,Both,Satisfied,0
12-20,Female,1 year to 2 years,"Computer or laptop, Smart speakers or voice assistants",Premium (paid subscription),No,Duo plan- Rs 149/month,Music,Rap,Afternoon,"Uplifting and motivational, Social gatherings or parties","Office hours, Study Hours, Workout session","Playlists, Radio, Others",2,Several times a week,Health and Fitness,Story telling,unknown Podcasters,Longer,Ok,1
12-20,Female,1 year to 2 years,"Computer or laptop, Smart speakers or voice assistants",Premium (paid subscription),Yes,Family Plan-Rs 179/month,Podcast,Melody,Night,Sadness or melancholy,Study Hours,Radio,3,Once a week,Comedy,Interview,unknown Podcasters,Both,Ok,0
12-20,Female,1 year to 2 years,Computer or laptop,Free (ad-supported),Yes,Family Plan-Rs 179/month,Podcast,Melody,Afternoon,Uplifting and motivational,Workout session,Radio,3,Rarely,Sports,Story telling,unknown Podcasters,Longer,Very Satisfied,0
20-35,Male,6 months to 1 year,Smart speakers or voice assistants,Free (ad-supported),No,Duo plan- Rs 149/month,Music,Melody,Afternoon,Relaxation and stress relief,While Traveling,"Playlists, Radio",2,Several times a week,Comedy,Story telling,Both,Longer,Ok,1
20-35,Female,1 year to 2 years,"Smartphone, Smart speakers or voice assistants, Wearable devices",Free (ad-supported),Yes,Family Plan-Rs 179/month,Podcast,classical,Afternoon,"Relaxation and stress relief, Sadness or melancholy","Office hours, While Traveling, Workout session","recommendations, Radio, Others",4,Several times a week,Lifestyle and Health,Story telling,unknown Podcasters,Both,Dissatisfied,0
20-35,Female,1 year to 2 years,Smartphone,Premium (paid subscription),Yes,Family Plan-Rs 179/month,Music,Melody,Afternoon,Sadness or melancholy,leisure time,Others,3,Rarely,Sports,Story telling,Both,Both,Ok,0
6-12,Others,More than 2 years,Computer or laptop,Free (ad-supported),No,Individual Plan- Rs 119/ month,Music,Rap,Morning,Social gatherings or parties,Study Hours,Radio,3,Several times a week,Sports,Conversational,Well known individuals,Both,Satisfied,0
12-20,Male,More than 2 years,"Computer or laptop, Smart speakers or voice assistants, Wearable devices",Free (ad-supported),No,Duo plan- Rs 149/month,Podcast,classical,Afternoon,"Uplifting and motivational, Social gatherings or parties",While Traveling,Playlists,4,Rarely,Sports,Interview,Both,Both,Very Satisfied,0
6-12,Others,1 year to 2 years,Computer or laptop,Premium (paid subscription),No,Duo plan- Rs 149/month,Podcast,classical,Afternoon,Uplifting and motivational,Workout session,Playlists,4,Rarely,Sports,Story telling,unknown Podcasters,Both,Ok,0
20-35,Female,1 year to 2 years,Smart speakers or voice assistants,Free (ad-supported),Yes,Individual Plan- Rs 119/ month,Podcast,Rap,Afternoon,Sadness or melancholy,leisure time,Playlists,4,Rarely,Comedy,Story telling,unknown Podcasters,Longer,Satisfied,0
20-35,Male,6 months to 1 year,Computer or laptop,Free (ad-supported),Yes,Individual Plan- Rs 119/ month,Podcast,classical,Afternoon,Uplifting and motivational,Study Hours,recommendations,3,Several times a week,Lifestyle and Health,Interview,Well known individuals,Longer,Ok,0
20-35,Male,1 year to 2 years,Smart speakers or voice assistants,Premium (paid subscription),Yes,Student Plan-Rs 59/month,Podcast,Rap,Afternoon,Sadness or melancholy,While Traveling,Radio,4,Rarely,Sports,Conversational,Both,Both,Satisfied,0
20-35,Female,6 months to 1 year,Computer or laptop,Free (ad-supported),No,Duo plan- Rs 149/month,Podcast,classical,Afternoon,Sadness or melancholy,"Study Hours, Workout session",Radio,3,Several times a week,Health and Fitness,Story telling,Both,Shorter,Satisfied,0
20-35,Female,6 months to 1 year,Computer or laptop,Free (ad-supported),Yes,Family Plan-Rs 179/month,Music,Rap,Afternoon,Social gatherings or parties,While Traveling,Playlists,3,Once a week,Lifestyle and Health,Conversational,Both,Longer,Satisfied,0
20-35,Female,6 months to 1 year,Smartphone,Premium (paid subscription),Yes,Duo plan- Rs 149/month,Podcast,Rap,Afternoon,Uplifting and motivational,"Office hours, While Traveling","recommendations, Playlists, Others",4,Several times a week,Sports,Story telling,Both,Longer,Satisfied,0
12-20,Male,6 months to 1 year,Smart speakers or voice assistants,Free (ad-supported),Yes,Duo plan- Rs 149/month,Podcast,classical,Afternoon,Relaxation and stress relief,"While Traveling, leisure time",Radio,3,Once a week,Sports,Interview,Well known individuals,Both,Very Dissatisfied,0
12-20,Others,1 year to 2 years,Smart speakers or voice assistants,Free (ad-supported),No,Duo plan- Rs 149/month,Music,classical,Afternoon,Uplifting and motivational,Study Hours,Radio,3,Rarely,Lifestyle and Health,Story telling,unknown Podcasters,Longer,Satisfied,0
12-20,Male,More than 2 years,Smart speakers or voice assistants,Premium (paid subscription),Yes,Student Plan-Rs 59/month,Podcast,classical,Afternoon,Relaxation and stress relief,Study Hours,Playlists,3,Several times a week,Health and Fitness,Story telling,Well known individuals,Longer,Very Satisfied,0
20-35,Female,1 year to 2 years,Wearable devices,Free (ad-supported),Yes,Duo plan- Rs 149/month,Podcast,classical,Morning,Uplifting and motivational,"Office hours, While Traveling","recommendations, Radio",3,Rarely,Health and Fitness,Story telling,Both,Longer,Satisfied,0
20-35,Male,Less than 6 months,Smart speakers or voice assistants,Premium (paid subscription),Yes,Duo plan- Rs 149/month,Music,classical,Morning,Uplifting and motivational,Workout session,Playlists,4,Rarely,Lifestyle and Health,Interview,unknown Podcasters,Both,Satisfied,0
20-35,Female,Less than 6 months,Computer or laptop,Free (ad-supported),No,Duo plan- Rs 149/month,Podcast,classical,Morning,Uplifting and motivational,"Office hours, Study Hours, While Traveling","Playlists, Radio",3,Rarely,Health and Fitness,Conversational,unknown Podcasters,Both,Ok,0
20-35,Male,More than 2 years,Smartphone,Premium (paid subscription),Yes,Individual Plan- Rs 119/ month,Music,Melody,Night,"Relaxation and stress relief, Uplifting and motivational, Sadness or melancholy, Social gatherings or parties",Study Hours,"recommendations, Playlists",5,Rarely,Comedy,Story telling,Both,Longer,Satisfied,0
20-35,Female,More than 2 years,Smartphone,Free (ad-supported),No,Student Plan-Rs 59/month,Music,Melody,Night,Relaxation and stress relief,Office hours,recommendations,4,Rarely,Educational ,Educational,Both,Shorter,Satisfied,0
20-35,Female,More than 2 years,Smartphone,Free (ad-supported),Yes,Individual Plan- Rs 119/ month,Music,Melody,Night,"Relaxation and stress relief, Sadness or melancholy","While Traveling, Workout session","recommendations, Others",4,Once a week,Stories ,Story telling,Both,Both,Satisfied,0
20-35,Female,More than 2 years,"Smartphone, Computer or laptop, Wearable devices",Free (ad-supported),Yes,Student Plan-Rs 59/month,Music,Pop,Morning,"Uplifting and motivational, Sadness or melancholy",While Traveling,recommendations,5,Rarely,Lifestyle and Health,Conversational,Both,Shorter,Ok,0
20-35,Female,More than 2 years,"Smartphone, Computer or laptop",Free (ad-supported),Yes,Student Plan-Rs 59/month,Music,Pop,Night,"Relaxation and stress relief, Uplifting and motivational, Sadness or melancholy, Social gatherings or parties","While Traveling, Workout session, leisure time",Others,2,Rarely,Comedy,Story telling,Both,Shorter,Ok,0
20-35,Female,6 months to 1 year,Smartphone,Premium (paid subscription),Yes,Individual Plan- Rs 119/ month,Music,Melody,Night,"Relaxation and stress relief, Uplifting and motivational","Workout session, leisure time","recommendations, Others",2,Several times a week,Comedy,Conversational,Both,Longer,Satisfied,0
